hash,enc,dec,ipfsAdd,ipfsCat
837.5207667731629, 1252.7789725209082, 1210.8267898383374, 481.43985307621676, 467.48818546589393